Course code,Weighted Mean,Keywords
MA20202,1411.111111111111,Core
MA11004,1219.3807407407407,"Core, Mathematics."
MA20205,684.022962962963,Core
EC29202,640.6666666666666,Core
EC21202,555.5555555555555,Core
ME21202,496.0,Core
ME39201,470.6666666666667,Core
IM20204,446.44444444444446,"Mathematics, Optimization"
MA20203,431.5244444444445,Core
DY17003,425.0733333333334,Entrepreneurship
EV10003,410.5628888888888,Environment
ME31201,406.2222222222222,Core
CY19003,406.0291111111111,Core
PH19003,405.7946666666666,Core
ME31203,401.5555555555556,Core
PH11003,394.8544444444444,Core
HS13003,391.5951111111111,Language
EN19003,386.594,"Tech, Core"
MA20208,381.1111111111112,Core
CY11003,376.9337777777778,Core
CS10003,366.5708888888888,"Tech, Core, Software"
BS10003,365.3655555555556,Core
CS19003,365.1315555555555,Software
ME29202,360.8888888888889,"Core, Tech, Engineering"
EE11003,359.1951111111111,Tech
CE13003,355.1575555555555,"Tech, Core, Software"
ME11003,353.0522222222222,Core
ME29201,349.78,Core
MA30207,337.77777777777777,"Core, Software"
CS29204,333.1111111111111,"Tech, Core"
EC21206,317.55555555555554,Core
EC39201,317.55555555555554,"Tech, Core"
EE29202,317.33333333333337,Core
CS21202,317.11111111111114,"Tech, Core"
EE39203,307.55555555555554,"Tech, Core"
EE21201,298.1233333333334,Core
CS29202,294.0,"Tech, Software"
HS21201,293.8955555555556,Business
CS20202,293.1111111111111,"Tech, Core, Software"
EE21204,288.8888888888889,"Tech, Core"
EC31201,288.44444444444446,Core
ME39604,288.0666666666666,Core
ME30604,286.0622222222222,Core
EC31203,281.55555555555554,Language
EC29201,278.8541666666667,Tech
CS29206,268.8888888888889,"Tech, Software"
EC31205,268.6666666666667,"Core, Mathematics, Optimization"
CH21202,268.44444444444446,Core
EE21202,267.55555555555554,Core
EC21204,259.1111111111111,"Mathematics, Optimization"
EC21208,259.1111111111111,Core
MA20204,259.1111111111111,"Core, Mathematics, Software"
EC21201,247.6880555555556,Tech
CS21204,246.44444444444449,Language
CH21206,242.0,Core
ME29203,241.5988888888889,"Tech, Core"
IE20202,241.55555555555557,"Tech, Core, Software"
ME21201,240.39555555555555,Core
CH29202,232.22222222222223,Core
ME60215,228.44444444444449,
EE29206,228.0,Core
ME21205,218.67333333333332,Core
ME48701,218.60333333333327,"Tech, Core, Software"
MA39203,218.44444444444449,"Core, Software"
CH21204,217.77777777777777,Core
BT20204,210.88888888888889,"Core, Science"
AI60201,195.11111111111117,
CH21208,194.44444444444443,Core
CH39006,189.82111111111112,Core
CH31203,189.11111111111111,"Tech, Core"
ME60430,186.44444444444449,
EE21206,186.0,Core
ME39602,185.7355555555556,Core
CH48013,184.0,Core
EC29207,183.22,Core
ME21203,181.09555555555556,Core
MT30001,178.91851851851854,Core
ME29002,176.72444444444443,Core
MA21202,173.55555555555554,Core
EC29205,173.2488888888889,Core
MA11003,172.34592592592594,Mathematics
EE29201,170.42222222222222,Core
BT20202,170.0,"Core, Biology, Environment"
EC29203,169.69222222222223,Core
MA10002,169.4188888888889,"Core, Mathematics"
EC21207,169.10555555555555,Core
EC21205,167.0366666666667,"Tech, Core"
IM39201,166.44444444444446,Core
IM29202,165.33333333333334,"Tech, Core"
IM29204,164.0,"Core, Optimization."
MA20206,160.0,Core
ME30005,159.88296296296298,Core
MI39205,159.33333333333334,Core
CH21203,159.16777777777776,Core
MI29202,158.22222222222223,Core
MA49011,158.22222222222223,"Tech, Core, Software"
ME60306,158.0,
MI39203,156.88888888888889,"Tech, Core"
MI21202,155.77777777777777,Core
ME57003,153.55555555555557,Core
MI69203,152.88888888888889,
IM21204,152.22222222222223,"Mathematics, Optimization."
AE49012,150.0,"Tech, Core, Software, Mathematics"
EC21203,149.72555555555553,Core
MA39207,149.33333333333334,"Tech, Optimization"
MI39201,148.66666666666669,Core
ME41001,148.23777777777778,Core
IM21202,148.0,"Core, Business"
MI31203,147.55555555555557,"Tech, Core"
MT29202,146.0,Core
ME39606,145.51777777777778,Core
IM20202,145.33333333333334,Core
MT21202,144.88888888888889,Core
AE29204,144.22222222222223,Core
EC48001,144.14888888888888,Core
ME30602,143.73555555555555,Core
GG40004,142.88888888888889,Core (Geological Engineering)
EC49001,142.78,"Tech, Core"
AE29202,141.77777777777777,Core
CS29203,140.79,"Tech, Core, Software"
CS21203,140.07888888888888,Core
CS39008,139.83555555555554,Consult
CS21201,139.58555555555557,"Core, Mathematics"
EE39004,139.57888888888888,"Tech, Core, Software"
MT41013,139.52777777777777,"Core, Environment"
MI31211,139.11111111111111,Core
EE21203,138.63,"Tech, Core"
ME60006,138.22222222222223,
MA10001,138.1533333333333,"Core, Mathematics"
MT29204,137.33333333333331,"Tech, Core"
IM31203,137.11111111111111,Core
EC31004,136.96666666666667,"Tech, Core"
MI30201,136.66666666666666,"Core, Environment"
IM31201,136.22222222222223,Business
CS48003,135.72333333333333,"Tech, Core, Software"
IM21201,134.7288888888889,Core
HS20202,134.66666666666666,Core
ME29204,134.44444444444446,Core
CH29201,134.38555555555556,"Tech, Core, Software"
EC39006,133.9011111111111,"Tech, Core"
ET60029,133.7711111111111,
MI30205,133.11111111111111,"Tech, Core"
AE39201,133.11111111111111,Entrepreneurship
ME22004,132.72222222222223,Core
EC31008,132.58333333333331,Core
ME58003,132.0,Core
HS29202,131.33333333333331,Core
EC31002,130.96555555555557,Core
EC31006,130.84222222222223,Core
MI31207,130.22222222222223,"Core, Tech"
MA20201,130.07666666666668,Core
EE41001,128.86777777777775,"Tech, Core"
AG39201,128.66666666666669,"Tech, Core"
MT20204,128.0,"Tech, Core"
MT20202,127.55555555555556,Core
CS39002,126.82777777777775,"Tech, Core, Software"
AE21204,126.66666666666666,Core
HS39203,126.66666666666666,Core
MA69201,126.66666666666666,
AI60004,126.60305555555556,
KS60001,126.49055555555556,
EC39002,126.26333333333332,"Core, Software"
MF41601,126.18074074074076,ML (Machine Learning)
GG49010,126.0,Environment
MA30231,126.0,Core
HS30201,126.0,Business
EC48002,125.77777777777776,Core
ME60350,125.55555555555556,
EC57003,124.44444444444444,"Tech, Core, Software"
GG40010,124.44444444444444,Core
EE21205,122.8888888888889,Core
HS21202,122.44444444444444,Business
EE30004,122.41,"Tech, Core, Software"
EC39004,121.58222222222224,"Tech, Core"
MF49601,121.56555555555556,"Tech, Core"
CS39006,120.89777777777778,Core
HS30203,120.88888888888889,Business
MA29202,120.88888888888889,"Tech, Core, Mathematics"
CS31702,120.71333333333337,Core
AE20202,120.22222222222224,"Core, Tech"
AG29202,119.33333333333334,Environment
CS30002,119.28777777777778,Core
HS20204,119.11111111111111,Core
AG20202,118.44444444444446,"Tech, Core, Environment"
HS21204,118.44444444444446,Business
CH21207,118.44111111111113,Core
HS30207,117.55555555555556,Mathematics
CH21205,116.99777777777776,Core
CS39001,116.23333333333336,"Tech, Core"
HS60261,116.2222222222222,
EC39001,115.65777777777778,Tech
MI60047,115.55555555555556,
EM21203,115.33333333333331,Business
EE39009,115.03333333333332,"Tech, Core"
HS21206,114.44444444444444,Business
CS31006,114.25,"Tech, Core, Software"
CS41001,114.2,Core
CE31004,113.6211111111111,Core
CS39003,113.11555555555556,"Tech, Software"
MT21204,113.11111111111111,Core
GG59009,112.8888888888889,"Environment, Core"
HS31201,112.44444444444444,Business
ME40601,111.85888888888888,Core
IM57003,111.11111111111111,Core
EC39005,111.05037037037036,"Tech, Core"
EE31009,110.93703703703704,"Tech, Core"
MA30008,110.88888888888889,Core
GG50009,110.66666666666666,"Core, Environment"
EC60504,110.66666666666666,
EM29201,110.22222222222224,"ML, Software"
CH21201,109.11666666666667,Core
CH39022,108.80555555555556,Core
CE29204,108.64555555555556,"Tech, Core"
CE29202,108.31222222222225,"Tech, Core"
CH49015,108.08,Core
MA58007,108.0,"Tech, Software, Core."
CS47007,107.81111111111112,Core
GG29202,107.55555555555556,Core
CE39006,106.97888888888887,Core
MA40002,106.88888888888889,Core
MA40004,105.68777777777775,"Core, Software, Mathematics"
AI42001,105.60755555555556,ML
AG31201,105.55555555555556,"Tech, Core"
NA39201,105.33333333333331,Core
MA57011,105.33333333333331,Core
CS60003,104.88888888888889,
EC69502,104.88888888888889,
NA20202,104.66666666666669,"Tech, Core"
AE21202,104.0,Core
EC69504,103.55555555555556,
MA41011,103.29333333333334,"Core, Software"
CE21204,103.20111111111112,Core
NA29204,103.11111111111111,Core
ME61011,102.9388888888889,
NA20204,102.8888888888889,Core
CE21201,102.8874074074074,Core
EM21205,102.66666666666669,Business
AI60006,102.44444444444444,
EE40013,102.43333333333332,Core
ME47603,102.08555555555556,Core
CS59001,101.55555555555554,Core
BT39201,100.66666666666666,Core
CH30016,100.50777777777778,"Tech, Core"
ME47602,100.22222222222224,Core
CE39203,100.08,Core
CH49019,99.69777777777776,"Tech, Core"
EC31005,99.56888888888888,Core
CS57003,99.33333333333334,Core
NA30201,99.33333333333334,Core
EE31002,99.15333333333334,Core
HS57003,98.88888888888889,Core
NA29202,98.88888888888889,Core
HS48001,98.22222222222224,Core
NA49005,97.71777777777775,"Core, Environment"
CE32201,97.2922222222222,Core
EE48001,97.1911111111111,Core
EX59005,96.88888888888889,Core
HS59001,96.66666666666666,Mathematics
CS31007,96.31481481481482,Core
AI61002,95.79305555555555,
ME60004,95.33333333333331,
BT29204,95.11111111111111,Core
MA20106,94.94666666666669,Core
CS31003,94.83555555555556,"Core, Software"
EP60003,94.77629629629628,
MI40004,94.44444444444444,Environment
ME60235,94.22222222222224,
GG29204,94.0,Core
GG20202,93.55555555555556,Core
CE21202,93.29222222222222,Core
AI60002,93.20555555555558,
MA41103,92.8888888888889,"Tech, Core, Software, Mathematics"
CS58003,92.8888888888889,Tech
MA39014,92.56666666666666,"Core, Mathematics, Optimization."
HS30033,92.0,Mathematics
ME60352,91.11111111111111,
CE30201,90.75666666666666,"Core, Civil Engineering"
CE30205,90.63555555555556,"Core, Environment"
EE39002,90.6211111111111,"Tech, Core"
BT29202,89.77777777777777,"Core, Environment"
MA21201,89.1588888888889,Mathematics
EC60502,89.11111111111111,
PH49016,89.05222222222221,Core
CS31005,88.98148148148148,"Core, Mathematics, Optimization"
PH49019,88.97222222222221,Core
GG20211,88.88888888888889,Core
AR29202,88.88888888888889,Core
AR28202,88.66666666666667,Environment
MI60226,88.44444444444446,
CH39023,88.26296296296296,Core
CE31001,87.93851851851853,Core
MA20101,87.77666666666667,Core
EE39006,87.3837037037037,"Core, Tech"
AR32201,87.1111111111111,Core
EC47003,87.1111111111111,Core
CE39004,87.1088888888889,Core
CH40001,86.8388888888889,"Core, Mathematics, Environment"
PH41014,86.75222222222223,"Core, Mathematics"
EE39201,86.66666666666666,"Tech, Core"
KS20201,86.5925925925926,Language
CH30012,86.08666666666667,Core
HS50001,85.77777777777777,"Core, Mathematics"
AR23302,85.33333333333333,Core
CE29206,85.11111111111111,Core
EX51003,85.11111111111111,Core
EX51001,84.66666666666667,Core
AR29204,84.66666666666667,Core
PH41010,84.36222222222221,Core
AR23304,84.22222222222223,Tech
PH41012,84.18555555555554,"Core, Mathematics, Optimization"
CY60023,83.77777777777779,
CH39015,83.63851851851852,Core
NA30203,83.33333333333334,Core
PH41008,82.69,Core
MI60215,82.44444444444443,
IM21203,82.26888888888888,Business
GG48016,82.22222222222221,Environment
GG49008,82.22222222222221,Core
CE39008,82.11222222222221,Core
CE48001,82.03666666666666,Core
AR34201,82.0,"Tech, Core"
BT30201,81.77777777777777,"Core, Environment"
GG20205,81.55555555555554,Environment
PH29207,81.33333333333333,Core
PH49012,81.23333333333333,"Tech, Core"
CE39007,80.75259259259259,Core
GG29205,80.48888888888888,"Core, Environment"
CE69021,79.23555555555555,
HS50025,78.88888888888889,Business
GG57003,78.88888888888889,"Tech, Core, Software"
GG40008,78.88888888888889,Core
MI31008,78.84666666666668,Core
HS50024,78.44444444444444,Environment
MT21201,78.39555555555556,Core
PH41016,78.24555555555555,"Core, Mathematics"
AR30201,78.22222222222221,Core
MA30227,78.06,"Mathematics, Optimization"
CS60010,77.97888888888889,
AG29201,77.91888888888889,"Tech, Core, Environment"
EV20001,77.81166666666667,Environment
MT29203,77.52666666666666,Core
MI31002,77.41111111111111,Environment
CE21206,77.33333333333333,Core
BS20001,77.26759259259259,Core
HS60092,77.11111111111111,
AR20202,77.11111111111111,"Core, Environment"
ME48602,76.88888888888889,Core
AG29203,76.66888888888889,Core
GG52001,76.44444444444444,Core
MA41006,76.44444444444444,Mathematics
GG49012,75.55555555555556,"Core, Environment"
MI38002,75.47555555555556,Environment
MA60237,75.33333333333333,
MF30003,75.30222222222223,Core
GG50003,75.11111111111111,"Core, Environment"
PH29205,75.11111111111111,"Core, Lab"
EE69014,74.66666666666667,
GG59007,74.44444444444444,Core
MA58005,74.44444444444444,It is not possible to classify a seminar into a specific engineering course category as it can cover a wide range of topics and may not necessarily be related to engineering.
MT29201,74.43777777777777,Core
MA41004,74.22222222222223,Core
GG48012,74.0,Environment
GG48014,74.0,Environment
AR40023,73.93111111111111,Core
MA21203,73.85333333333334,Core
AR30203,73.55555555555556,Core
GG40012,73.33333333333333,Core
PH29204,73.11111111111111,"Tech, Core, Software, Mathematics, Optimization"
AI69002,73.11111111111111,
EE31011,73.03185185185185,Core
CE29203,73.01407407407407,Core
MI60235,72.88888888888889,
MA20104,72.61703703703704,Mathematics
MI39002,72.50333333333333,Environment
CH39020,72.42666666666666,"Tech, Core"
EE49004,72.22222222222223,Core
MA59009,72.22222222222223,"Tech, Core, Software"
MI31004,72.08111111111111,Business
GG49014,71.55555555555556,Core
AE21205,71.38888888888889,Core
PH39201,71.33333333333334,Core
MI40021,71.33333333333333,Core
PH39209,71.11111111111111,Core
EE69205,71.11111111111111,
PH21202,70.88888888888889,Core
EE60101,70.88888888888889,
MI48001,70.74666666666666,Core
CE39011,70.67777777777778,Core
MI57001,70.66666666666666,"Tech, Core, Software"
MA30110,70.62777777777777,Tech
CE20203,70.62444444444444,"Tech, Core"
EE60102,70.44444444444444,
ME60234,70.22222222222223,
GG58003,70.22222222222223,"It is difficult to classify a seminar into a specific category without more information about the content and focus of the seminar. Seminars can cover a wide range of topics and can be applicable to multiple categories such as Tech, Consult, Core, ML, Software, Business, Entrepreneurship, Language, Environment, etc."
CS40032,70.01,Software
GG20201,69.52777777777777,Core
HS49002,69.51,Mathematics
CH31010,69.4637037037037,Core
GG28202,69.33333333333334,Environment
MT31012,69.30555555555556,Core
AE21201,69.06888888888889,"Tech, Core"
AG20201,69.00555555555555,"Tech, Core, Environment"
GG50005,68.88888888888889,Core
CH61012,68.88888888888889,
PH41019,68.88666666666667,"Core, Mathematics"
IM39006,68.85777777777777,"Tech, Core"
CH47025,68.68333333333334,Core
EP21201,68.68148148148148,Entrepreneurship
AG20203,68.44777777777777,Core
MI20201,68.25888888888889,"Core, Environment"
ME49601,68.08555555555556,Core
CE21203,68.06296296296297,Core
MF30604,68.02444444444444,Core
AI67001,68.0,
MT32008,67.99333333333334,"Tech, Core"
MI40001,67.94111111111111,"Tech, Core, Environment"
HS41002,67.93777777777778,Core
MT39022,67.82111111111111,"Tech, Core"
AI61003,67.73777777777777,
CH58001,67.55555555555556,Language
EP60008,67.42777777777779,
GG40014,67.33333333333333,Core
MT49009,67.09333333333333,"Tech, Core"
EP60042,66.75777777777778,
MT39004,66.71888888888888,Core
GG58020,66.66666666666667,Language
CH57003,66.44444444444444,Core
CH30014,66.42814814814814,"Tech, Core, Environment"
PH41004,66.37555555555555,"Tech, Core"
HS51002,66.22222222222221,Core
AI60003,66.07962962962962,
MT31022,66.05333333333334,"Tech, Core"
PH20202,66.0,Core
CE30203,65.83777777777777,Core
CE20201,65.82962962962964,Core
MA49012,65.77777777777777,Language
PH29202,65.77777777777777,Core
PH49014,65.55555555555556,"Core, Mathematics"
MI47005,65.37777777777778,Core
GG50007,65.33333333333333,Core
ME19001,65.22861111111112,Core
PH59008,65.11111111111111,Core
AI58001,64.88888888888889,Language
GG40006,64.88888888888889,Environment
MT41009,64.7611111111111,"Tech, Core"
BT29205,64.56111111111112,Core
EP60029,64.49185185185185,
EC47004,64.44444444444444,Core
PH30201,64.44444444444444,"Tech, Core"
PH31207,64.44444444444444,Core
IM41001,64.41666666666667,Core
CY19001,64.39527777777778,Core
MT21203,64.2811111111111,Core
IM49001,64.18222222222221,"Tech, Core, Software, Business, Entrepreneurship"
IM39003,64.17444444444445,"Tech, Core"
PH41017,64.08666666666667,Core
EE49001,64.02555555555556,"Tech, Core"
IM31002,64.01444444444445,Core
CE31306,63.717777777777776,Environment
EE40002,63.55555555555555,Core
HS31082,63.42333333333333,Business
BT29203,63.4,Core
BM40012,63.11111111111111,Core
PH19001,63.06166666666667,Core.
MA41022,62.66666666666666,Core
IM31010,62.296666666666674,"Core, Business"
IM39005,62.12592592592592,Core
PH21205,62.0,"Core, Mathematics"
EE60037,61.55555555555556,
CH61015,61.333333333333336,
AR57101,61.333333333333336,Core
PH21204,61.333333333333336,"Tech, Core"
GG20208,60.888888888888886,"Core, Environment"
RT30018,60.54666666666667,Core
EP60044,60.52518518518519,
MA49003,60.35666666666666,Core/Software.
CE57003,60.22222222222222,Tech
MF40603,60.06222222222222,Core
BT29207,60.04555555555556,"Tech, Core, Environment"
ME21207,60.00333333333334,Core
MI48002,60.0,Core
IM48001,59.55555555555556,Core
ME47601,59.51444444444444,Core
EE58003,58.88888888888889,Core
AR48008,58.88888888888889,Tech
CS19101,58.73222222222222,Software
GG29207,58.66666666666666,Core
AR53201,58.66666666666666,"Tech, Core"
MA39110,58.633333333333326,"Tech, Core, Mathematics"
AE21203,58.54666666666667,"Tech, Core"
MA51002,58.47555555555555,Core
AG31002,58.26222222222223,"Tech, Core"
PH21209,58.22222222222222,Core
PH31201,58.22222222222222,Core/Mathematics
ME40701,58.21111111111112,Core
EE19001,58.17138888888889,Tech
IM60003,58.0,
AR48014,58.0,"Tech, Core, Software"
IM31012,57.99111111111112,Core
HS30002,57.864444444444445,"Core, Business, Entrepreneurship"
PH52002,57.77777777777778,"Core, Mathematics"
MA38002,57.62111111111111,Core
HS13001,57.41333333333333,Language
AG39004,57.12,Core
HS49009,56.95444444444444,Mathematics
AE57003,56.88888888888889,"Tech, Core, Software"
EE60039,56.88888888888889,
BM49002,56.85,"Tech, Core, Business, Mathematics, Optimization"
NA20201,56.71333333333334,Core
AR48012,56.66666666666667,Consult
GG39211,56.66666666666667,Core.
EP60005,56.53481481481481,
AR52003,56.44444444444445,"Core, Environment"
MA51121,56.44074074074075,Mathematics
ME40111,56.24777777777778,"Tech, Core"
CY29204,56.0,"Core, Chemistry, Laboratory"
CE13001,55.99944444444444,"Tech, Core, Software"
CY11001,55.8975,Core
GG30217,55.55555555555556,Core
AR48016,55.55555555555556,Environment
MA41017,55.52444444444444,Core
MT39009,55.24074074074074,Core
GG29209,55.11111111111112,"Core, Environment"
PH30207,55.11111111111112,Mathematics
CY60003,55.05444444444444,
PH11001,54.93972222222222,Core
MI60045,54.888888888888886,
AG31004,54.736666666666665,"Core, Environment"
CS10001,54.72805555555556,"Tech, Core, Software"
EC29001,54.681666666666665,Core
IE30006,54.58888888888889,"Tech, Core, Software"
AG39002,54.54666666666667,"Tech, Core"
AR48018,54.44444444444444,Core
HS38002,54.388888888888886,It is not possible to classify a seminar into a specific engineering course category as it can cover a wide range of topics and may not necessarily be related to engineering.
AE31006,54.28,"Tech, Software"
AE39001,54.227407407407405,Core
AE31002,54.09666666666666,Core
MA51003,54.0,Core
RD30011,53.777777777777786,"Core, Consult, Business, Entrepreneurship"
AG48003,53.76444444444444,"Tech, Software, Core."
PH58045,53.70555555555555,It is not possible to classify a seminar into a specific engineering course category as it can cover a wide range of topics and may not necessarily be related to engineering.
AG39006,53.61555555555556,Tech
EC69211,53.54444444444445,
AI60007,53.33333333333333,
EX48014,53.33333333333333,"Tech, Core"
BT20203,53.30777777777779,Core
CE31002,53.21,Core
MI40042,53.068888888888885,Tech
EX48016,52.888888888888886,Core
CS60002,52.888888888888886,
MT31009,52.71407407407408,Core
NA39006,52.69777777777778,Core
AE39003,52.64666666666667,Core
HS40007,52.53111111111111,Mathematics
EE57501,52.44444444444444,"Core, Software, Mathematics, Optimization"
EE11001,52.11472222222222,Tech
MA40011,52.07111111111112,Core
GG58006,52.0,Environment
CE48003,52.0,Core
CY57005,51.87407407407408,"Tech, Core, Software"
ME10001,51.86138888888888,Core
MT47003,51.60111111111111,Core
NA39004,51.49666666666666,"Tech, Core"
PH49009,51.46333333333334,"Core, Mathematics"
EP60007,51.45037037037037,
CY20204,51.333333333333336,"Core, Mathematics"
GG59010,51.333333333333336,Core
NA48002,51.333333333333336,Core
CY41012,51.28592592592593,Core
PH49006,51.271111111111104,Core
AE39004,51.24666666666666,"Core, Engineering"
AE49003,51.22444444444445,"Core, Optimization, Engineering."
AE48003,51.19888888888889,"Tech, Core, Software"
AE39002,51.14666666666666,Core
CE31111,51.02,"Core, Engineering"
BT20201,50.976666666666674,"Tech, Core, Business, Entrepreneurship"
BM40002,50.894814814814815,Business
EC21101,50.71722222222222,Tech
CS43002,50.71333333333334,"Tech, Core, Software"
GG59022,50.66666666666666,Core
CY49006,50.3962962962963,Tech
AT30001,50.39111111111111,"Software, Core."
HS41004,50.22888888888889,Business
CY41016,50.18592592592592,Environment
AE31008,50.12777777777778,"Tech, Core"
MT39005,50.11259259259259,"Core, Materials"
BT20205,50.11111111111111,"Core, Science"
BT20207,50.08888888888889,"Tech, Core"
CE41003,50.06444444444444,Core
GG20203,50.0,Core
CY30201,50.0,Core
CS47006,49.77777777777778,Core
GG21207,49.77777777777778,Environment
EP60025,49.76518518518518,
NA31002,49.60888888888889,Core
EP60006,49.54555555555555,
BT31006,49.38111111111112,"Tech, Core, ML, Software, Mathematics"
EP60010,49.3637037037037,
CY41018,49.34740740740741,Core
PH31205,49.333333333333336,"Core, Mathematics"
GG58005,49.333333333333336,This input cannot be classified as it is too broad and does not provide enough information about the specific engineering course.
EX49010,49.333333333333336,Core
PH41023,49.32962962962963,Core
AG39003,49.26740740740741,"Core, Environment"
BT31010,49.24111111111112,Core
IM31005,49.23555555555555,Core
CY20206,49.11111111111112,Core
AG31008,49.01222222222222,"Tech, Core, Environment"
AE47007,48.96333333333334,Core
CY29202,48.88888888888889,Core
IM58003,48.88888888888889,Language
NA20203,48.782222222222224,Core
EX57005,48.66666666666666,"Tech, Core, Software"
AR40025,48.66666666666666,"Core, Tech"
GG57007,48.66666666666666,"Tech, Core, Software"
PH41009,48.44444444444444,Core
BT41022,48.44444444444444,Core
PH57001,48.44444444444444,Core
EX59003,48.22222222222222,"Core, Tech, Environment"
GG50023,48.22222222222222,"Core, Tech, Environment"
CY41215,48.0,Core
BT61030,47.97444444444445,
AG40011,47.79888888888889,"Core, Tech"
NA49007,47.70666666666667,Core
CY50033,47.705925925925925,Core
AR20201,47.65111111111111,Core
ME60103,47.55555555555556,
PH49025,47.49444444444444,Core
AR23303,47.36111111111111,"Tech, Core, Software"
PH51001,47.333333333333336,Core
ME60403,47.333333333333336,
GG50010,47.333333333333336,Core
CY51003,47.27481481481481,Core
PH58033,47.11111111111112,"Tech, Software, Core."
MI50003,47.11111111111112,Environment
HS60009,46.888888888888886,
NA31006,46.71111111111112,Core
FP67001,46.66666666666667,
EX58001,46.66666666666667,It is not possible to classify a seminar into a specific engineering course category as it can cover a wide range of topics and may not necessarily be related to engineering.
AE31010,46.66444444444444,
BT39006,46.47777777777779,Core
CY20202,46.44444444444445,Core
MT31007,46.25629629629629,Core
EC61211,46.23111111111111,
EX59007,46.22222222222221,"Core, Environment"
CE47007,46.123333333333335,Core
FP58001,46.0,Language
NA57003,46.0,"Tech, Core, Software"
MA51109,45.873333333333335,ML (Machine Learning)
BT49001,45.77222222222222,"Tech, Core, Environment"
AE40031,45.76,"Tech, Core"
EC29003,45.59,Tech
AG31006,45.43333333333334,"Tech, Core"
AG39005,45.42296296296296,"Tech, Core"
ME60404,45.33333333333333,
MA30014,45.17,"Mathematics, Optimization."
MT41027,45.098888888888894,Core
AE31009,45.077777777777776,"Tech, Core"
AG57003,44.888888888888886,"Core, Software, Mathematics, Optimization"
BT31014,44.73222222222222,Core
BT39008,44.723333333333336,"Tech, Core, Software, Mathematics"
AI61005,44.672407407407405,
MI21201,44.644444444444446,Core
ET60006,44.57222222222223,
CS40019,44.473888888888894,"Core, Software, ML"
SE60002,44.46333333333334,
NA48001,44.38222222222223,Core
EC47007,44.29555555555556,Core
IM31006,44.1162962962963,Tech
CY41014,44.05925925925926,Core
HS30096,44.01111111111111,Core
EX40006,44.0,Core
EX48018,44.0,"Core, Environment"
EX50017,43.99222222222223,Core
PH58044,43.90777777777779,Core
AG31003,43.84296296296296,"Core, Environment"
HS50019,43.75666666666667,Mathematics
NA39011,43.52,Core
AR10304,43.51555555555556,Core
CS61065,43.45555555555556,
PH51023,43.33333333333333,Core
EC60013,43.28,
AR13304,43.24222222222223,Core
ME22002,43.20666666666667,Core
EX58003,43.11111111111111,This input cannot be classified as it is too broad and does not provide enough information about the specific engineering course.
MI59001,43.11111111111111,Core
CY41201,43.11111111111111,Core
ME40107,43.08222222222222,Core
AR10302,42.97777777777778,Core
EX58004,42.888888888888886,Language
AR43203,42.858888888888885,Core
EC21103,42.83222222222222,Tech
AR20203,42.55444444444444,"Tech, Core"
AE58001,42.22222222222222,Language
IM47003,42.07666666666667,Core
GG59023,42.0,"Core, Software"
NA59007,42.0,Core
MA20008,41.978888888888896,Core
MA30006,41.82740740740741,Core
EE41013,41.76555555555556,Core
EC61201,41.65555555555556,
AG69014,41.55555555555556,
HS40085,41.364444444444445,Business
EX51007,41.333333333333336,"Core, Mathematics"
AR23301,41.32666666666666,Core
MA30002,41.2,Core
MA40003,41.13555555555556,Core
AE47006,41.11111111111111,"Core, Software, Mathematics"
AR33204,41.04111111111111,"Core, Business, Entrepreneurship"
MA20102,40.96888888888889,Core
MI60210,40.888888888888886,
AR33202,40.74777777777778,Core
GG49011,40.59222222222222,Core
AE31004,40.443333333333335,"Tech, Core"
MT31015,40.42962962962962,"Core, Engineering, Environment"
EC61203,40.383333333333326,
BT31201,40.29222222222222,Core
AE31103,40.27481481481482,"Tech, Core"
EX40010,40.22222222222222,Core
GG52007,40.22222222222222,"Tech, Core, Environment"
AG60063,40.22222222222222,
BT40009,40.10777777777778,"Core, Environment"
AR32004,40.10333333333334,"Core, Environment"
EX41004,40.0,Core
EX49004,40.0,Core
EE47002,40.0,"Tech, Core, Software"
EP60002,39.89037037037037,
EX40008,39.55555555555556,"Core, Tech"
AR42001,39.48444444444444,Environment
EP60046,39.34,
MA20103,39.32148148148148,Core
AR43201,39.193333333333335,Core
CY58005,39.11111111111111,"It is difficult to classify the course without more specific information about its content. However, based on the given input, it could potentially fall under the categories of Tech, Core, Software, Business, or Entrepreneurship, depending on the focus and objectives of the training and seminar."
EP60021,39.08296296296296,
AR32002,38.88888888888889,Core
AI61006,38.66666666666666,
AG47007,38.518888888888895,Core
AI60008,38.44444444444444,
PH21206,38.06666666666667,Core/Mathematics
EX28202,38.0,Environment
AT60205,38.0,
BT48017,37.98888888888889,Core
AR13302,37.90111111111111,Core
PH49001,37.86222222222222,"Core, Mathematics"
GG49007,37.77888888888889,Core
CH47024,37.77777777777778,Core
MT31017,37.74666666666666,Core
MA41002,37.72666666666667,Core
HS31072,37.66740740740741,"Business, Environment"
AR29201,37.54333333333334,Core
CY58003,37.355555555555554,"It is difficult to classify a seminar into a specific category without more information about the content and focus of the seminar. Seminars can cover a wide range of topics and can be applicable to multiple categories such as Tech, Consult, Core, ML, Software, Business, Entrepreneurship, Language, Environment, etc."
EX49008,37.333333333333336,Core
GG20204,37.333333333333336,"Core, Science"
AR20205,37.21666666666666,"Tech, Core, Software, Mathematics, Optimization"
MA41010,36.56,"Mathematics, Optimization"
EP60020,36.448888888888895,
BT57003,36.44444444444444,Core
IE39002,36.40444444444445,Core
IE48001,36.38333333333333,Core
AE31007,36.33111111111111,Core
NA31001,36.32222222222222,"Core, Tech, Environment"
IM60059,36.284444444444446,
MA41031,36.25977777777778,Core
BT69007,36.22222222222222,
PH39008,36.04333333333334,Core
AG58001,36.0,Language
BT58001,35.77777777777778,Language
EE69019,35.76666666666667,
AR33206,35.72777777777778,Core
NA21004,35.6362962962963,Core
IE30002,35.62777777777778,Tech
MT41019,35.605555555555554,Core
AG31005,35.449629629629634,Core
MM72335,35.33333333333333,
EC39003,35.21333333333334,Core
CY49008,35.19259259259259,"Core, Science, Chemistry, Lab"
AR20207,35.16,Environment
EX49002,35.111111111111114,Core
EC29008,34.78,"Tech, Core"
AT60201,34.66666666666667,
EP60004,34.6362962962963,
CY29201,34.61,Core
EX57007,34.22222222222222,"Tech, Core, Software"
BT47007,34.12555555555556,Core
CE60022,34.0,
MI47004,34.0,"Tech, Core, Software"
IM60203,34.0,
GG31004,33.92333333333333,Core
GG49005,33.69111111111111,Core
BT41012,33.55555555555556,"Tech, Core"
CE69013,33.55555555555556,
MI60035,33.08,
HS40078,33.065185185185186,Business
PH38002,33.04666666666667,Core
GG39001,32.93333333333333,"Core, Environment"
GG39209,32.888888888888886,Core
MT48003,32.85777777777778,"Tech, Software, Core."
NA61001,32.82222222222222,
EE30012,32.684444444444445,Core
AR52001,32.55555555555556,"Core, Business"
EC21008,32.516666666666666,Core
BT60004,32.44444444444444,
KS20203,32.379259259259264,Language
EC31003,32.23222222222222,Core
MT48001,32.22222222222222,Core
AG31026,31.866666666666667,"Core, Business, Environment"
EX41002,31.77777777777777,Core
GG31003,31.77777777777777,Core
CS60059,31.706666666666667,
BT60003,31.555555555555557,
PH21203,31.55333333333333,Core
GG41005,31.45111111111111,"Core, Environment"
IE49002,31.32444444444444,"Tech, Core"
CS61064,31.323703703703703,
MA41007,31.236666666666668,Core
CH61011,31.18,
IE39001,31.122222222222224,Core
GG41011,31.043333333333333,"Tech, Core"
CE69008,30.88888888888889,
GG21211,30.88888888888889,Core
CY21203,30.66333333333333,Core
GG31006,30.622222222222224,"Core, Environment"
IM60051,30.613333333333333,
NA31004,30.42074074074074,"Tech, Core, Software, Mathematics"
GG30002,30.24,Core (as it is a fundamental course in geology and petroleum engineering)
CY58010,30.2362962962963,Language
BM60023,29.99611111111111,
IM48003,29.857777777777777,"Tech, Core, Software"
IE31001,29.613333333333333,Core
ME39007,29.58555555555556,Core
CE60028,29.55555555555556,
CD66001,29.22,
MI59003,29.11111111111111,Core
GG20206,28.88888888888889,Core
GG41007,28.694444444444446,"Core, Mathematics, Environment"
MT57003,28.666666666666668,Core
EE30024,28.42740740740741,"Tech, Core"
GG38002,28.41111111111111,Environment
EC60011,28.282222222222224,
NA47004,28.222222222222225,Core
CE41028,28.222222222222225,Core
CS60077,28.044444444444444,
IM47004,28.0,Core
NA47005,27.946666666666665,Core
CY21205,27.915555555555557,Core
BM40006,27.846666666666664,"Core, Business"
GG49001,27.751851851851853,Environment
PH20003,27.70777777777778,Core
ME60105,27.635555555555555,
BT47006,27.55555555555556,"Core, Software, Mathematics"
MI49001,27.55555555555556,"Tech, Core"
EP60018,27.49222222222222,
MT58001,27.333333333333336,Language
EE21101,27.23777777777778,"Tech, Core"
ME31007,27.14888888888889,Core
CS60038,27.116666666666667,
GG40013,27.01666666666667,Core
EP67005,26.888888888888893,
EE29001,26.81888888888889,Core
CY39004,26.71777777777778,Core
GG39008,26.674444444444447,Core.
ME21008,26.47222222222222,Core
MT60006,26.444444444444443,
HS30073,26.392000000000003,Environment
EE29004,26.29703703703704,"Core, Tech"
GG60201,26.0,
GG52022,25.97888888888889,"Core, Environment"
CY69101,25.9,
IM60054,25.77777777777778,
ME31013,25.75777777777778,Core
ME60231,25.605555555555554,
ME60353,25.433333333333334,
IM60068,25.33333333333333,
BM59001,25.29111111111111,"Core, Mathematics, Optimization"
CS60045,25.28888888888889,
AR52006,25.27888888888889,Environment
IM60205,25.11111111111111,
MT41011,25.06888888888889,Core
AI61009,24.753703703703703,
ME39013,24.624444444444443,"Tech, Core"
EX38002,24.608888888888885,Environment
CE60135,24.54555555555556,
EE60062,24.444444444444446,
AG66001,24.444444444444446,
RX60019,24.43968253968254,
CS60025,24.297777777777775,
MM40003,24.20111111111111,"Core, Science, Health"
EX39006,24.153333333333336,Core
HS30074,24.134444444444448,Core
HS20016,24.101111111111116,Environment/Humanities
MI45008,24.0,Core
CS61063,23.689629629629632,
NT70002,23.62555555555556,
CY31010,23.565555555555555,Core
EX30008,23.557777777777776,Core
MA60259,23.52148148148148,
RX60017,23.221944444444443,
AG60203,23.111111111111107,
PH60305,23.111111111111107,
HS30062,22.978888888888893,Business
ME69035,22.88888888888889,
CS60016,22.884444444444444,
CE69023,22.862222222222226,
MT41007,22.666666666666664,Core
CE60213,22.666666666666664,
MI58001,22.666666666666664,Core
HS20001,22.56907407407408,Business
CH31001,22.46888888888889,Core
CS60050,22.44555555555556,
EP60201,22.423333333333336,
CE60021,22.378888888888888,
GG39009,22.30962962962963,"Core, Environment"
CS60092,22.23833333333333,
EE47008,22.22222222222222,"Core, Software, Mathematics"
CS29003,22.037777777777777,"Tech, Core, Software"
CS21003,21.85333333333333,Core
GG41001,21.83407407407407,"Core, Environment"
PH60035,21.77777777777777,
GG30203,21.77777777777777,Core
CY39001,21.71555555555556,Core
EX49001,21.59777777777778,Core
PH58036,21.555555555555557,Core
ME29701,21.52888888888889,Core
GG31005,21.44296296296297,Core
BM51001,21.44,Business
AE51007,21.33333333333333,"Core, Tech, Environment"
MT60005,21.33333333333333,
EC69202,21.33333333333333,
CY38002,21.305555555555557,"Sorry, I cannot classify the engineering course ""VIVA"" without more information. Please provide more details about the course."
EX31006,21.276666666666664,Core
EE21004,21.214074074074077,Core
EE47009,21.092222222222222,Core
CY39003,21.037777777777777,Core
IM61026,20.88888888888889,
IM21003,20.816666666666663,Core
CE60023,20.80333333333333,
ME21101,20.73925925925926,Core
HS50017,20.666666666666668,Business
MT61141,20.666666666666668,
MI62001,20.666666666666668,
AT60006,20.572222222222223,
RX60021,20.351333333333333,
NA60038,20.30222222222222,
EC60202,20.22222222222222,
MA21007,20.067407407407405,"Core, Software"
CY61044,20.05,
EC60204,20.0,
ME60401,20.0,
ME20001,19.927777777777777,Core
CE31302,19.797777777777775,"Tech, Core, Environment"
EC60291,19.78777777777778,
MA61061,19.60111111111111,
EC69205,19.555555555555557,
MA71003,19.544444444444444,
GG31009,18.89555555555556,"Core, Mathematics"
EP60040,18.81,
ES60011,18.76148148148148,
AT60002,18.711111111111112,
AG47006,18.666666666666668,"Core, Software, Mathematics"
EC31001,18.56,Core
EC29004,18.45777777777778,Core
PH61009,18.13,
HS20002,17.79126984126984,"None of the above. This is a course in psychology, not engineering."
AE61004,17.77777777777778,
EP61201,17.77777777777778,
MA20107,17.765555555555554,Mathematics
IE47007,17.72111111111111,Core
ME60416,17.666666666666668,
AI61004,17.635555555555555,
CE29002,17.58777777777778,Core
BT41014,17.555555555555557,Core
ME60012,17.552592592592593,
EG30002,17.497222222222224,Core
CS60065,17.468888888888888,
EC21006,17.44,Core
CE48004,17.333333333333336,Core
ME60405,17.333333333333336,
CS29002,17.286666666666665,Core
AE40019,17.198888888888888,"Tech, Core"
CS21002,17.185555555555556,Core
EC21004,17.062222222222225,Core
MI60036,16.666666666666668,
ME60014,16.666666666666668,
AE51005,16.508888888888887,"Tech, Core"
CS60075,16.451428571428572,
MI60026,16.444444444444443,
CS60081,16.385555555555555,
ME60133,16.166666666666664,
ES60004,16.15037037037037,
CE61003,16.0,
AE60006,16.0,
AE48002,16.0,Language
MA51005,15.94611111111111,"Core, Mathematics"
EX49003,15.79888888888889,Core
CE60012,15.777777777777777,
MA61001,15.777777777777777,
CE21004,15.698888888888888,Core
GG29005,15.672592592592594,Environment
EC29005,15.65111111111111,Core
EE60038,15.555555555555555,
AE51018,15.555555555555555,"Tech, Core"
CH61016,15.555555555555555,
CE21005,15.5,Core
HS30001,15.478730158730158,Social Sciences
CY21201,15.45,Core
CY49001,15.416111111111112,Core
CS29006,15.34777777777778,"Tech, Software"
EE69001,15.333333333333334,
CE69019,15.333333333333334,
CS20006,15.318888888888887,"Software, Core."
EC61405,15.302222222222222,
CE60014,14.88888888888889,
EC21005,14.87777777777778,Core
MT41037,14.756666666666666,Core
CH62010,14.666666666666666,
CE47006,14.666666666666666,Core
CE58003,14.666666666666666,It is not possible to classify a seminar into a specific engineering course category as it can cover a wide range of topics and may not necessarily be related to engineering.
CS60064,14.534444444444444,
CE31216,14.473333333333333,Core
CE69007,14.444444444444445,
RX61002,14.370277777777776,
CS21004,14.323333333333334,Language
CY41009,14.322222222222225,Core
EP67004,14.28,
CY41005,14.241666666666667,Core
EX41001,14.158888888888889,Core
ME60017,14.111111111111112,
HS30054,13.98,Environment
CS61061,13.942888888888891,
IE57201,13.77777777777778,Core
BM40004,13.618703703703703,Business
MS41004,13.55888888888889,Tech
MI60016,13.555555555555555,
BT48026,13.555555555555555,Language
CE60132,13.555555555555555,
CE42002,13.555555555555555,Core
MT60007,13.48111111111111,
CH29006,13.394444444444444,Core
EX50002,13.333333333333332,Core
ME60408,13.333333333333332,
MT60008,13.333333333333332,
CH29008,13.31777777777778,"Tech, Core, Software"
MA20013,13.246666666666666,Mathematics
CY60004,13.216296296296298,
HS40072,13.131555555555554,Social Science/Humanities
PH61010,13.11111111111111,
CH31009,13.044444444444444,Core
MI29201,13.04,Core
HS20014,12.97111111111111,Environment
CY41011,12.922777777777778,Core
HS70006,12.88888888888889,
CE42006,12.88888888888889,Core
HS51604,12.733333333333334,Language
GG20005,12.696296296296296,Environment
EC60297,12.668888888888889,
MM61207,12.666666666666666,
MA61031,12.666666666666666,
GG31201,12.666666666666666,"Core, Tech"
EC21107,12.660000000000002,Core
ME61201,12.605555555555556,
EE29002,12.52777777777778,Core
PH60411,12.444444444444445,
CH31007,12.408888888888889,Core
CH21004,12.374444444444446,Core
CH21008,12.32,Core
CY41007,12.262222222222222,Mathematics
ET60023,12.213333333333331,
EX30004,12.12888888888889,Core
AT60001,12.116296296296296,
CH31011,12.021111111111113,"Tech, Core"
MI60242,12.0,
IE58101,12.0,Core
GG20007,11.946666666666667,Core
EE21002,11.87,Core
GG40002,11.816666666666668,"Core, Tech"
CH61017,11.805555555555554,
MA39011,11.784444444444446,"Tech, Software"
CH48014,11.77777777777778,Core
CH62052,11.77777777777778,
MI29002,11.754444444444443,Core
EX41003,11.708148148148148,Core
CH42006,11.664444444444444,"Tech, Core"
CE29006,11.588888888888889,"Core, Environment"
MA60002,11.491555555555555,
MS31007,11.391481481481485,Core
EX40009,11.384444444444444,"Core, Tech"
CS60083,11.333333333333332,
MI61003,11.33222222222222,
MA31011,11.242222222222225,Software
MI39013,11.24111111111111,"Tech, Core"
CS60021,11.168888888888889,
PH60033,11.11111111111111,
PE69003,11.11111111111111,
CE60061,11.11111111111111,
ME60413,11.11111111111111,
TE60001,11.06,
CE21003,11.04888888888889,Core
NA60014,10.947777777777777,
AR51013,10.888888888888888,Environment
MA61027,10.85777777777778,
HS29201,10.823333333333334,"ML, Software"
CE41601,10.75925925925926,Environment
EC60309,10.705555555555556,
NA40020,10.705555555555556,"Tech, Core"
CH20001,10.683333333333334,Core
PE69001,10.666666666666666,
PE60003,10.666666666666666,
CH21103,10.642962962962963,Core
MI31001,10.624444444444444,"Core, Environment"
MI39011,10.54,Core
HS21205,10.54,Business
MI21002,10.502222222222224,Core
CE31005,10.477777777777778,"Core, Environment"
PH60116,10.444444444444445,
CS60027,10.41222222222222,
MI60041,10.403333333333334,
CS21001,10.353333333333332,"Core, Mathematics"
MI30013,10.338888888888889,Core
HS30079,10.286666666666669,"Business, Entrepreneurship"
ME60111,10.272222222222222,
EC60501,10.223333333333333,
PE40002,10.22222222222222,Core
PE60002,10.22222222222222,
CS43004,10.22222222222222,"Tech, Core, Software"
PE57001,10.22222222222222,"Tech, Core, Software"
PH61007,10.19111111111111,
CE29003,10.173333333333334,"Tech, Core"
CE31003,10.15222222222222,Core
MI31005,10.062222222222225,"Core, Tech"
MI31007,10.061111111111112,"Core, Mathematics, Optimization"
HS30097,10.015555555555556,Business
IM60004,10.0,
CS60023,10.0,
CE60125,10.0,
EE60032,9.975555555555555,
IM60213,9.90962962962963,
MT41023,9.806666666666668,Core
EE60045,9.777777777777777,
CY60103,9.777777777777777,
MI31003,9.755555555555556,"Tech, Core"
AT60004,9.702222222222224,
EC60101,9.652222222222225,
AE40030,9.648888888888887,"Tech, Core"
MA31005,9.615555555555556,Mathematics
GG29009,9.584444444444443,"Core, Environment"
HS40091,9.555555555555555,Core
PH60303,9.53111111111111,
CE20101,9.523333333333332,"Core, Engineering"
MI29007,9.486666666666668,Core
CE20006,9.463333333333336,"Core, Environment"
AE40018,9.457777777777778,Core
CE20103,9.455555555555556,Core
IP60162,9.425925925925926,
EC60307,9.333333333333334,
MI60227,9.333333333333334,
RX60011,9.32911111111111,
CH62009,9.317037037037036,
AE40009,9.272222222222224,"Tech, Core"
MI20101,9.18888888888889,"Core, Environment"
IP60017,9.188333333333334,
CE20105,9.146666666666668,Core
MA31009,9.14,Core
IM29008,9.093333333333334,Core
ET60012,9.068148148148149,
IM31007,9.005555555555556,Core
CY60101,8.978518518518518,
HS30036,8.91925925925926,Language
MI49003,8.9,Environment
HS30087,8.894444444444446,Business
PH60406,8.88888888888889,
SE66001,8.88888888888889,
AG29004,8.871111111111112,Core
HS60005,8.833111111111112,
HS20009,8.82777777777778,Business
HS30085,8.811111111111112,Business
IM29006,8.692222222222222,"Core, Mathematics, Optimization"
MA31020,8.67925925925926,"ML, Software"
IM21001,8.673333333333334,Business
HS21203,8.667777777777777,Business
MT47002,8.666666666666668,Core
CR61023,8.666666666666668,
MA61033,8.666666666666668,
GG29007,8.593333333333334,Core
GG29002,8.59,Core
AG39001,8.49777777777778,Core
IM21008,8.467777777777778,Core
ME60085,8.444444444444445,
EC69209,8.444444444444445,
MA41108,8.444444444444445,Core
MA32010,8.444444444444445,"Tech, Core, Software"
AG48002,8.444444444444445,Language
GG39003,8.433333333333334,"Core, Environment"
HS30057,8.432,Business
HS20006,8.424444444444445,Business
MI21007,8.41888888888889,Core
AE29002,8.36888888888889,"Tech, Core"
AG31001,8.362222222222222,"Tech, Core"
MA20105,8.356666666666666,Core
IM31008,8.32,Business
RT30019,8.308611111111112,Tech
AE31001,8.29888888888889,Core
BM60112,8.285555555555558,
CE39009,8.285185185185187,"Core, Environment"
AG31007,8.23777777777778,Core
EC61205,8.222222222222221,
MM40005,8.222222222222221,"Tech, Core, ML, Software"
ME60432,8.222222222222221,
EC61213,8.222222222222221,
EC60203,8.213333333333333,
GG20107,8.066666666666666,Core
AE29004,8.012222222222224,Core
IM21006,7.9733333333333345,Core
AE40037,7.96962962962963,"Core, Mathematics"
NA60060,7.958888888888889,
HS20008,7.945555555555556,Business
ME61203,7.938888888888888,
CS60094,7.851111111111112,
EC60503,7.802222222222222,
ET60007,7.782592592592593,
CY60019,7.777777777777778,
BT60016,7.777777777777778,
CS60052,7.777777777777778,
MT21008,7.698888888888889,Core
CY60005,7.645555555555555,
PH20101,7.634814814814814,Core
AE21008,7.602222222222222,"Core, Tech"
MT29006,7.592222222222222,Core
TE61002,7.587777777777779,
EE48002,7.555555555555555,Language
WM60005,7.555555555555555,
MT41028,7.555555555555555,Core
AE21004,7.543333333333334,Core
MA30003,7.533333333333334,Core
NA31003,7.517777777777779,Core
GG21201,7.517777777777778,Environment
HS20005,7.481111111111111,Business
GG21205,7.46,Core
IM21002,7.448888888888889,"Tech, Core"
MA29005,7.421481481481481,Core
ME61003,7.355555555555555,
GG29201,7.343333333333334,Environment
CH60016,7.333333333333333,
AR13301,7.316666666666666,Core
MM61228,7.311666666666666,
AE21002,7.263333333333334,Core
RX60014,7.256944444444445,
IM22001,7.231111111111112,Software
HS30066,7.203999999999999,Core
CL60008,7.197777777777778,
MT20006,7.164444444444445,Core
EX20001,7.151111111111112,"Core, Mathematics"
AG29001,7.132222222222222,"Tech, Core"
PH29201,7.1288888888888895,Core
EP61205,7.111111111111112,
AR10301,7.040000000000001,Core
RX60012,7.035925925925927,
MT29007,7.029999999999999,Core
AR13307,7.022222222222222,Core
MA60067,7.021111111111111,
AG29003,7.02,Environment
ME21004,6.992222222222223,Core
HS30048,6.961111111111111,Language
HS20007,6.954444444444444,Business
EX20201,6.951111111111112,"Core, Mathematics"
ME60407,6.927407407407408,
AG20101,6.924444444444445,"Tech, Core, Environment"
HS20003,6.921111111111111,Core
AG20103,6.895555555555555,Environment
NA21001,6.885555555555555,"Tech, Core"
MT29005,6.8788888888888895,"Core, Engineering"
MF40201,6.837777777777778,"Tech, Core"
MT21105,6.835555555555556,Core
MT21010,6.834444444444444,Core
ME69601,6.827777777777778,
PH29203,6.826666666666666,Core
NA31005,6.791111111111112,Core
NA61005,6.777777777777779,
NA39009,6.76,Core
GG49013,6.7,Environment
CL60019,6.683333333333334,
GG49009,6.680000000000001,"Core, Environment"
BM40009,6.680000000000001,Business
CH62049,6.666666666666666,
AG66002,6.666666666666666,
MM61317,6.666666666666666,
EC69213,6.666666666666666,
EC60043,6.666666666666666,
RD61003,6.666666666666666,
EC60007,6.611851851851853,
NA29002,6.592222222222222,Core
GG21105,6.555555555555555,Core
CS60073,6.545555555555556,
CS60047,6.49,
IE47006,6.444444444444445,Core
EC61207,6.444444444444445,
BT39003,6.438888888888889,"Tech, Core, Environment"
AR13305,6.427777777777779,"Core, Software"
NA21101,6.405555555555557,Core
CH62021,6.404444444444444,
BT29002,6.379999999999999,Core
AR22006,6.355555555555556,Core
CS60029,6.333333333333333,
GG41013,6.32,"Core, Environment"
TE60003,6.297777777777776,
BT39001,6.264444444444445,Core
PE40001,6.2477777777777765,"Tech, Core"
AE21001,6.239259259259259,"Tech, Core"
AR32003,6.226666666666667,Core
MT60201,6.222222222222222,
PH60058,6.222222222222222,
EE60014,6.222222222222222,
PH60105,6.222222222222222,
PH60308,6.176296296296297,
NA31007,6.166666666666668,Core
MT21107,6.158888888888889,Core
RD30002,6.043333333333333,"Tech, Core"
NA21003,6.023333333333333,"Tech, Core"
EC60002,6.0,
ES61201,6.0,
AG69011,6.0,
IM60207,6.0,
CR61026,6.0,
HS30003,5.993333333333333,Core
EE61209,5.978888888888889,
CE60016,5.922222222222222,
AR33201,5.920000000000001,Core
HS20004,5.907222222222223,"Core, Psychology"
GG40009,5.9,"Core (specifically, core course in geological engineering or geology)"
AR23206,5.898888888888889,"Tech, Core, Software"
AR33203,5.847777777777778,"Tech, Core"
EE60098,5.84,
MT60148,5.827777777777777,
GG21109,5.817777777777778,"Core, Environment"
BT29003,5.794444444444444,Core
AR32001,5.786666666666667,"Core, Architecture"
CS60088,5.777777777777777,
ME60134,5.777777777777777,
CS60055,5.777777777777777,
EC60023,5.777777777777777,
CE60112,5.777777777777777,
BT31011,5.77,Environment
AG60127,5.743703703703704,
AR23202,5.726666666666667,Core
BT31009,5.723333333333334,Core
AR23204,5.721111111111112,Core
BT29001,5.714444444444444,Core
BT21002,5.703333333333334,Core
EC61215,5.666666666666666,
MA31007,5.647407407407408,Mathematics
PH39005,5.640000000000001,Tech
ME21103,5.632222222222223,Core
PH39003,5.611111111111112,Core
AE21003,5.605555555555556,"Tech, Core"
CD61004,5.582222222222224,
PH29008,5.581111111111111,Core
ME60073,5.581111111111111,
CH62008,5.555555555555555,
EC60296,5.555555555555555,
EP61203,5.555555555555555,
MT60150,5.555555555555555,
MT48002,5.555555555555555,Core
EE60020,5.555555555555555,
MS60030,5.555555555555555,
GG40241,5.555555555555555,"Core, Environment"
AG61693,5.555555555555555,
PH21004,5.535555555555556,Core
CH62001,5.534444444444444,
PH31007,5.528888888888888,Core
CE60115,5.497777777777777,
AR23205,5.485555555555555,"Art, Language"
BT20103,5.463333333333333,"Core, Science"
PE60001,5.423333333333333,
RD30005,5.415079365079365,"Entrepreneurship, Business, Environment"
AR22005,5.412222222222222,Core
AT60008,5.402222222222222,
AR23203,5.383333333333333,Core
AR23201,5.38111111111111,Core
AR22003,5.338888888888889,Environment
AG69008,5.333333333333333,
IM48002,5.333333333333333,Language
MS60032,5.333333333333333,
CH62007,5.312222222222222,
HS30034,5.291851851851852,Business
HS40093,5.282222222222223,Business
AR32008,5.265555555555556,"Tech, Core, Environment"
BT21105,5.246666666666667,"Tech, Core"
NA60045,5.2407407407407405,
BT21101,5.205555555555556,Core
MM61511,5.191111111111111,
HS30041,5.173333333333334,Language
CE41629,5.165555555555556,Core
AR22001,5.153333333333334,"Tech, Core"
EC60004,5.151111111111111,
HS60084,5.148148148148148,
AR13204,5.141111111111111,Core
NA60052,5.13,
PH31003,5.114444444444445,Core
CE60124,5.111111111111111,
EC60294,5.111111111111111,
AG60302,5.111111111111111,
BS60005,5.108888888888889,
MT21104,5.075555555555555,ML (Machine Learning)
PH40027,5.062222222222222,Core
PH31011,5.051111111111111,"Core, Mathematics"
GG31007,5.024444444444445,Core
GG20002,5.002222222222223,Core
AR12002,4.988888888888889,Core
AR22007,4.988888888888889,Environment
MA41101,4.975555555555556,Core
PH41015,4.908888888888889,Core
HS30068,4.893333333333333,Core
ET60003,4.891851851851852,
ES61209,4.888888888888888,
AR22004,4.880000000000001,"Core, Environment"
PH31013,4.877777777777778,Core
IE47003,4.8677777777777775,"Tech, Core, Software"
AE40034,4.8677777777777775,"Tech, Core"
NA60048,4.857777777777778,
PH21201,4.831111111111111,"Core, Mathematics"
AR13202,4.826666666666666,Core
ME60310,4.825555555555555,
MA41024,4.822222222222222,Core
PH29001,4.807777777777778,Core
ME60033,4.7988888888888885,
AE61007,4.751111111111111,
GG29203,4.718888888888889,"Core, Science, Laboratory"
CE41627,4.67,Core
MA40205,4.666666666666667,Core
EE61203,4.645555555555555,
AE51019,4.628888888888889,"Tech, Core"
PH20007,4.601111111111111,Core
AG60062,4.594444444444445,
AR13201,4.592222222222222,Core
PH49005,4.591111111111111,Core
GG39007,4.556666666666667,"Core, Environment"
GG28002,4.545555555555556,Environment
GG21103,4.542222222222223,"Core, Science, Environment"
GG29003,4.538888888888889,"Core, Science, Environment"
PH41011,4.483333333333333,"Core, Mathematics"
EC69021,4.444444444444445,
GG30207,4.444444444444445,"Core, Environment"
MM61513,4.444444444444445,
CS66010,4.44,
PH41013,4.414444444444444,Core
PH60034,4.413333333333334,
HS31076,4.396111111111111,Language
EE60094,4.383333333333334,
CE60013,4.376666666666667,
PH49007,4.351111111111111,Core
AE51003,4.305185185185185,Core
HS60044,4.301666666666667,
MA60053,4.222222222222222,
PH40008,4.222222222222222,"Core, Mathematics"
PH60109,4.222222222222222,
AR13203,4.21111111111111,Core
PH60309,4.201111111111111,
EX41005,4.17111111111111,Environment
MI60037,4.12,
NA60021,4.111111111111112,
GG21203,4.1,"Core, Science, Environment"
CY29004,4.08,Core
PH21001,4.0777777777777775,Core
CE41603,4.0600000000000005,Environment
EE60082,4.06,
TE61003,4.0488888888888885,
PH31009,4.035555555555556,Core
EE69003,4.0,
MM77320,4.0,
EE60031,4.0,
CS60111,4.0,
AT60203,4.0,
MM61316,4.0,
EC61066,4.0,
MT41025,4.0,Core
MT60139,4.0,
TE67001,4.0,
MM60003,4.0,
AE40007,4.0,"Tech, Core"
CY29002,3.965555555555556,Core
AR13205,3.954444444444445,"Core, Software"
CS60004,3.885555555555556,
MA49015,3.8659259259259255,"Tech, Software"
IM60006,3.861111111111112,
BS60003,3.860555555555556,
ET60002,3.8577777777777778,
IM61003,3.857037037037037,
CY31007,3.84,Core
CY20102,3.805555555555556,Core
MT61151,3.786666666666666,
NA60003,3.7777777777777777,
BS61001,3.7777777777777777,
EE57301,3.7777777777777777,"Core, Software, Mathematics, Optimization"
MI60218,3.7777777777777777,
MA60265,3.7777777777777777,
AR12003,3.76,Core
CE60011,3.741111111111111,
IM61020,3.7000000000000006,
MM61501,3.67925925925926,
ME60233,3.6666666666666665,
AT60003,3.6340740740740736,
CY31003,3.6166666666666663,Core
CY21006,3.558888888888889,Core
CR60006,3.555555555555556,
CL61012,3.555555555555556,
MM61314,3.555555555555556,
CH70002,3.555555555555556,
MA60261,3.555555555555556,
CH71002,3.555555555555556,
EE60053,3.555555555555556,
PH60044,3.555555555555556,
AG60008,3.5144444444444445,
CY20105,3.5,Core
CY20106,3.49,Core
EC60021,3.4811111111111117,
ME40605,3.48,Core
GG20004,3.4655555555555555,Core
GG20003,3.442222222222222,"Core, Science"
TE30002,3.435740740740741,"Tech, Core"
HS30095,3.428888888888889,"Language, Culture"
CY49011,3.4274074074074075,Core
CY29001,3.3822222222222225,Core
EP60022,3.361111111111112,
CY20103,3.361111111111111,Core
ME49605,3.3600000000000003,Core
IM31014,3.333333333333333,"Tech, Core"
EE69011,3.333333333333333,
EE69203,3.333333333333333,
EE60006,3.333333333333333,
EC60042,3.333333333333333,
MS60058,3.333333333333333,
ES61207,3.333333333333333,
CE60207,3.333333333333333,
MI60078,3.333333333333333,
PH40023,3.3281481481481485,"Core, Mathematics"
HS60020,3.301111111111111,
AR42005,3.3,Core
CY40014,3.294814814814815,Core
MA41021,3.2466666666666666,"Tech, Software"
IM61007,3.228888888888889,
CY20101,3.21,Core
AE40033,3.2094444444444448,"Tech, Core, Mathematics"
HS30070,3.2,Language
CE31104,3.1911111111111112,Core
EE60030,3.181111111111111,
NA60022,3.171111111111111,
AT67005,3.12,
CL60201,3.111111111111111,
PH60042,3.111111111111111,
EE60003,3.111111111111111,
ID60017,3.111111111111111,
GG50011,3.08,"Core, Environment"
HS30047,3.04,Language
HS30037,3.007777777777778,Business
CR61021,3.0077777777777777,
BM63059,3.0022222222222226,
MI60031,2.96,
ET60010,2.954074074074074,
CH42014,2.914074074074074,Core
AG60209,2.908148148148148,
EE60004,2.8888888888888884,
MT60134,2.8888888888888884,
AE51026,2.8888888888888884,"Core, Tech"
AE61002,2.8888888888888884,
EE60002,2.8888888888888884,
AG60103,2.8888888888888884,
EE60036,2.8566666666666665,
ME60131,2.8566666666666665,
TE60114,2.847777777777777,
CY60013,2.832222222222222,
ES60008,2.81925925925926,
HS30075,2.7614814814814816,"Core, Business, Entrepreneurship"
MI60038,2.72,
ME60135,2.6666666666666665,
CE60105,2.6666666666666665,
HS30084,2.65,Business
EC60091,2.565555555555556,
HS20018,2.5646666666666667,Language and Heritage.
MS60009,2.562407407407408,
MM60009,2.4762962962962964,
EP67002,2.437777777777778,
HS60003,2.4233333333333333,
CS60017,2.411851851851852,
EX40003,2.41,Core
MA41005,2.3962962962962964,Tech
HS66005,2.395555555555555,
EX49005,2.36,Core
EP67003,2.36,
MA41009,2.3525925925925923,Core
IM61207,2.333333333333333,
MA61008,2.331666666666667,
MT41031,2.28,Core
EP60038,2.2666666666666666,
MA41003,2.226666666666667,Core
MT61136,2.2222222222222223,
MT41112,2.2222222222222223,"Tech, Core"
EE61201,2.2222222222222223,
MT41034,2.2222222222222223,"Tech, Core"
MT61143,2.2222222222222223,
EE69247,2.2222222222222223,
PH59010,2.2222222222222223,"Core, Mathematics"
EC60132,2.2222222222222223,
CL69203,2.2222222222222223,
EE69249,2.2222222222222223,
EC60016,2.2222222222222223,
CR61003,2.2222222222222223,
MI60042,2.2222222222222223,
ME60236,2.2222222222222223,
EC60104,2.2222222222222223,
CS60012,2.2222222222222223,
MM40017,2.2222222222222223,Core
EE60019,2.16,
BM63085,2.12,
IM60021,2.1,
HS60042,2.1,
EC60201,2.04,
EP67001,2.018888888888889,
ME60136,2.0,
ME60414,2.0,
EC60064,2.0,
EE57401,2.0,"Core, Software, Mathematics, Optimization"
EE60005,2.0,
EC60006,2.0,
MI40036,2.0,"Mathematics, Optimization"
PH60030,2.0,
AE51016,2.0,Core
ES61008,2.0,
EC60052,2.0,
BT60007,2.0,
BT60006,2.0,
GG30205,2.0,"Tech, Core"
BT47005,2.0,Core
PH61014,2.0,
MM61313,2.0,
RE60024,2.0,
CE60113,2.0,
MT61138,2.0,
EX40011,1.99,Core
EX49011,1.93,Core
EE60043,1.9170370370370369,
MI60039,1.847777777777778,
IM60052,1.82,
CE31410,1.8,Core
BM63098,1.777777777777778,
MA60247,1.777777777777778,
MA60049,1.777777777777778,
CS48004,1.777777777777778,Core
EC60054,1.777777777777778,
MA60035,1.777777777777778,
MS67103,1.777777777777778,
EC69402,1.777777777777778,
ME60232,1.777777777777778,
EE69021,1.777777777777778,
AG60001,1.777777777777778,
CE60144,1.777777777777778,
CE60136,1.777777777777778,
MM61503,1.777777777777778,
MM61214,1.777777777777778,
CE60128,1.777777777777778,
PH60032,1.777777777777778,
MA41207,1.777777777777778,"Core, Mathematics."
EE69018,1.777777777777778,
CE69003,1.777777777777778,
CR61013,1.777777777777778,
CE60221,1.777777777777778,
MA71002,1.777777777777778,
HS60039,1.7566666666666666,
AT60005,1.7300000000000002,
ET60004,1.6711111111111112,
HS30051,1.6422222222222222,"Language, Culture"
EX28002,1.606666666666667,Environment
HS62002,1.602222222222222,
ET61005,1.5922222222222224,
EE60024,1.5555555555555556,
CE60006,1.5555555555555556,
PH58050,1.5555555555555556,Core
MI60051,1.5555555555555556,
AE40008,1.5555555555555556,Core
EE60096,1.5555555555555556,
IE57101,1.5555555555555556,Core
ME69008,1.5555555555555556,
BM60203,1.5555555555555556,
MA60044,1.5555555555555556,
AE61001,1.5555555555555556,
CL61203,1.5555555555555556,
AG60151,1.5555555555555554,
ET60019,1.528888888888889,
ET60017,1.48,
MA41025,1.47,"ML, Software"
BT60015,1.42,
AR22008,1.36,Core
EE60012,1.3333333333333333,
CR61017,1.3333333333333333,
RE60011,1.3333333333333333,
CE60002,1.3333333333333333,
HS61080,1.3111111111111111,
BM63089,1.3,
CY61039,1.2777777777777777,
BM63020,1.247777777777778,
CL60028,1.220740740740741,
MM61509,1.2011111111111112,
ME41613,1.2,"Core, Optimization"
AG60092,1.1811111111111112,
HS69013,1.15,
MA40007,1.12,Core
HS60063,1.12,
BM63097,1.1111111111111112,
EE60025,1.1111111111111112,
IE48002,1.1111111111111112,Language
TE60008,1.1111111111111112,
BM51002,1.1111111111111112,Core
EE60033,1.1111111111111112,
PH52005,1.1111111111111112,"It is not clear what type of engineering course ""ORDER & CHAOS"" is. Please provide more information."
MF40301,1.1111111111111112,Tech
MA60036,1.108888888888889,
MI50009,1.1022222222222222,Core
AE40004,1.1,Core
CR61001,1.09,
MA51108,1.07,Mathematics
CH62047,1.048888888888889,
RX60018,1.041111111111111,
MA60041,1.02,
CL60020,0.9955555555555556,
MA60038,0.987777777777778,
BM63088,0.9588888888888888,
CR61036,0.9588888888888888,
CH62050,0.9588888888888888,
AE40006,0.9488888888888888,Core
AG60129,0.925925925925926,
IM60014,0.9244444444444444,
CH62003,0.9,
MA60059,0.8677777777777778,
IP61025,0.8562962962962962,
CD61002,0.8474074074074074,
EE60023,0.8377777777777777,
CL60004,0.8377777777777777,
AG60301,0.7955555555555556,
MA61004,0.7733333333333334,
CE31406,0.76,Core
EE60034,0.7566666666666666,
HS30050,0.74,"Tech, Consult, Core, ML, Software, Business, Entrepreneurship, Environment"
EE60026,0.7266666666666666,
HS30071,0.7096296296296295,Consult
BT63027,0.7000000000000001,
CE60103,0.68,
CL61018,0.6755555555555556,
MA60239,0.6355555555555555,
MA51111,0.62,Core
AG60124,0.6155555555555556,
IP63150,0.6055555555555556,
MA61023,0.6044444444444445,
MA41013,0.5866666666666667,Core
ME60309,0.5800000000000001,
MA61010,0.5688888888888889,
MI60056,0.56,
ES61002,0.5566666666666666,
MA60241,0.5555555555555556,
RX76001,0.5444444444444444,
IM61011,0.54,
EC60085,0.54,
CH62039,0.54,
MA60056,0.5,
EC66001,0.48,
MA41008,0.4622222222222222,Core
CL60031,0.4599999999999999,
AG40009,0.445,"Tech, Core, Software, Mathematics"
CS60009,0.4411111111111111,
IM41082,0.44,"Mathematics, Optimization"
BM63033,0.4266666666666667,
EC61409,0.4155555555555555,
MT66003,0.4088888888888888,
BM63006,0.3999999999999999,
HS40003,0.3911111111111111,Business
IP60202,0.39,
CS66007,0.3888888888888889,
MS60045,0.38,
EE60011,0.3622222222222222,
RE20001,0.3614814814814814,Core
PH60046,0.36,
MM66007,0.3555555555555555,
ET60008,0.34,
BS41004,0.3377777777777778,Core
AG60201,0.3333333333333333,
MA60003,0.32,
BM70003,0.32,
MA61003,0.32,
EE60013,0.32,
MS60047,0.32,
MM66005,0.31,
MA53028,0.3022222222222222,"Tech, Core, Software"
HS30040,0.3022222222222222,"Language, Culture"
MA61052,0.3,
EC60045,0.3,
MA60017,0.3,
AE51017,0.3,Core
MA60061,0.2985185185185185,
ES61007,0.2866666666666667,
EE60035,0.26,
CR61005,0.2488888888888888,
EC60301,0.24,
CL60030,0.2388888888888889,
TS70006,0.2311111111111111,
IM31011,0.2311111111111111,Core
ET60027,0.2288888888888889,
AE40005,0.2222222222222222,Core
CE69005,0.1999999999999999,
EC60601,0.1999999999999999,
MI60058,0.1999999999999999,
ET30002,0.1999999999999999,"Tech, ML, Software"
CS41103,0.1999999999999999,Core
AE51010,0.1999999999999999,Core
MT60009,0.1999999999999999,
MI40005,0.1955555555555555,Core
CS60078,0.1892592592592592,
CY61038,0.18,
EC69023,0.18,
CE60005,0.18,
CE60001,0.18,
EC60603,0.18,
IM60045,0.18,
PH60307,0.18,
TS62002,0.18,
HS40083,0.1777777777777777,"Environment, Business"
EC60295,0.1777777777777777,
ME60129,0.16,
CR61024,0.16,
ME60079,0.16,
MA51004,0.16,Core
BM63083,0.1422222222222222,
MA61028,0.1422222222222222,
AE60030,0.1422222222222222,
MA60004,0.1422222222222222,
CH62045,0.14,
IM60061,0.14,
CY71002,0.14,
MA61011,0.14,
CY61032,0.1244444444444444,
MS60052,0.12,
NA40010,0.12,"Tech, Core, Environment"
CS60007,0.12,
IP60134,0.1066666666666666,
AG60096,0.0999999999999999,
CR61014,0.0999999999999999,
CY61050,0.09,
CL60006,0.0888888888888888,
MA66005,0.0777777777777777,
CY57006,0.0,Core
PH57004,0.0,Core
BM63015,0.0,
MA60269,0.0,
CS60113,0.0,
MT61123,0.0,
TS66003,0.0,
CY58006,0.0,Language
